rank,handle,rating,uncertainty,games,win_rate,team_average_rating,opponent_team_average_rating,average_lobby_rating
1,_Barles_,3071,76,794,61.2,2616,2504,2560
2,wR.ACCM,3015,51,1807,61.3,2497,2398,2447
3,Valas,3004,50,3034,64.1,2510,2401,2455
4,Oni.TaToH,2990,82,675,60.0,2583,2506,2544
5,Ganji,2877,54,2256,58.9,2514,2442,2478
6,abundzuehalt,2856,41,3415,61.0,2447,2343,2395
7,Oni.TheViper,2846,68,936,57.6,2505,2440,2472
8,OS+ | slam,2836,54,2051,56.0,2362,2315,2338
9,Oni.FreakinAndy,2830,101,600,56.7,2403,2362,2383
10,Oni.JorDan_AoE,2790,59,988,55.6,2366,2310,2338
11,NOC | Nervkeks,2788,84,433,66.1,2214,2067,2140
12,SleepySwede,2773,50,2328,67.2,2183,2033,2108
13,Ondrej94,2769,56,1687,64.8,2196,2080,2138
14,TAG_Sora Kuma,2732,135,257,49.0,2462,2492,2477
15,OS+ | TeMo,2718,41,3684,58.3,2306,2220,2263
16,Oni.DauT,2682,49,1709,53.8,2324,2286,2305
17,TAG_Sitaux,2665,134,262,55.3,2417,2391,2404
18,TAG_MbL_,2633,201,93,61.3,2479,2447,2463
19,Oni.Vinchester,2620,140,239,53.1,2408,2394,2401
20,Mununez,2594,36,5028,53.9,2280,2234,2257
21,_LY_Yo,2591,141,221,43.9,2506,2563,2534
22,RoR | Vodka_L_,2590,124,130,50.0,2390,2379,2385
23,Zak,2576,66,1419,61.9,2220,2130,2175
24,KASVA,2574,181,63,58.7,2398,2362,2380
25,PUB | Fanjita,2572,80,594,55.4,2337,2298,2318
26,TAG_Mihai06,2571,160,224,57.1,2425,2405,2415
27,OS+ | NeoZz,2565,75,754,54.4,2265,2197,2231
28,Oni.Kingstone,2564,108,406,49.5,2406,2422,2414
29,m0re,2563,71,1074,52.7,2340,2295,2317
30,wR.Fedex,2554,87,631,52.8,2448,2431,2439
31,Somero,2550,43,3795,50.9,2451,2443,2447
32,DS_StonePleaseAoE,2520,57,863,49.7,2194,2172,2183
33,_LY_lyx,2509,193,112,40.2,2505,2590,2548
34,CNZS_Daniel,2495,86,732,48.5,2418,2435,2427
35,chaos_2_win,2487,56,1597,51.7,2353,2342,2347
36,PUB | Steak,2482,57,1614,51.9,2308,2279,2294
37,Matt107,2474,105,463,59.2,2327,2266,2296
38,NoLo,2469,51,2090,51.7,2414,2407,2411
39,CNZS_Bad Koala,2463,204,57,45.6,2439,2467,2453
40,DS_Dragonstar,2454,204,67,55.2,2452,2457,2455
41,大白000000,2450,53,1688,62.9,1828,1726,1777
42,NOC | PhilippHJS,2447,69,1219,53.0,2296,2273,2284
43,wR.Mochi,2444,57,1319,49.1,2382,2389,2386
44,NOC | Target331,2437,68,1255,52.7,2268,2247,2257
45,pren,2437,97,253,54.9,2166,2110,2138
46,ronotovi,2430,66,1463,57.9,2174,2121,2148
47,odemeister,2425,46,3190,56.6,2145,2080,2113
48,Ghost of Chrisybooo,2425,39,4211,55.0,2196,2145,2170
49,danger_noodle42,2417,31,5762,56.0,2154,2088,2121
50,Sensar,2404,55,1957,55.0,2163,2138,2151
51,NOC | Terz,2402,133,315,52.7,2270,2240,2255
52,RoR | Kamigawa,2401,218,73,57.5,2359,2344,2352
53,pääjehu,2391,50,2415,61.6,2059,1950,2004
54,Dobbs351,2381,201,58,48.3,2310,2289,2299
55,Oni.Lewis,2364,110,646,47.2,2249,2216,2233
56,DS_Ciskhan,2363,95,349,42.4,2461,2509,2485
57,OS+ | R4v3N_,2358,69,893,46.4,2389,2403,2396
58,RoR | Benanji,2352,116,231,48.5,2281,2255,2268
59,Tulendeena,2351,72,797,56.8,1932,1873,1903
60,Grinchy,2341,37,2746,53.8,2220,2179,2199
61,Mettiu,2337,83,668,49.1,2230,2222,2226
62,江东小霸王,2337,78,669,53.5,1801,1777,1789
63,Rgeadn,2333,52,1985,50.5,2218,2213,2215
64,Dr.Kozmonot,2325,103,801,52.7,2186,2196,2191
65,Rooster,2324,39,3582,53.7,2082,2054,2068
66,GGOut,2320,57,1847,53.6,2102,2056,2079
67,coolcat23,2307,40,4262,52.7,2234,2209,2221
68,Oni.miguel,2292,177,89,41.6,2465,2507,2486
69,RoR | Thofou05,2287,94,383,54.6,1896,1842,1869
70,robo_boro,2280,141,276,56.9,2096,2079,2088
71,hp_wong,2272,62,961,61.9,1747,1660,1704
72,CorsoLa,2271,35,4106,60.6,1962,1861,1912
73,RoR | FloDuFive,2271,70,687,61.4,1823,1718,1771
74,STORM | Noszombie,2256,89,342,49.7,2048,2040,2044
75,Rodney McKay,2252,39,2943,58.7,1994,1917,1956
76,NOC | Acro17,2246,121,302,50.3,2314,2315,2315
77,triiitCH2,2240,41,2817,54.8,1974,1929,1952
78,OS+ | Tiggerr,2236,48,2047,48.7,2110,2123,2116
79,Yakul,2232,53,1926,53.2,2044,2010,2027
80,Draconian,2228,139,203,44.3,2294,2341,2318
81,Mo_Tastic,2227,41,3366,52.6,2012,2001,2007
82,Imperio_cc,2226,149,299,48.5,2256,2268,2262
83,Czech Norris,2224,68,651,68.8,1637,1490,1563
84,[Eot_]Salva.Dope,2223,85,529,59.4,1996,1936,1966
85,Oni.dogao,2217,196,61,39.3,2417,2491,2454
86,Dziamdziak,2213,94,503,49.3,2218,2234,2226
87,Gerrit Beltman,2212,43,3340,53.9,2072,2067,2070
88,NakedNipples,2210,39,3992,51.1,2040,2042,2041
89,OS+ | aKaTepBackWards,2209,176,97,54.6,2137,2140,2138
90,NOC | Madtomski,2203,302,58,44.8,2101,2110,2106
91,Alessaceae,2203,162,73,72.6,1724,1579,1652
92,Juyhou,2200,65,980,54.1,1960,1938,1949
93,aoclearnRageForest,2196,36,2391,61.4,1807,1704,1755
94,PUB | [????]King_Boo,2195,103,402,57.5,2042,2014,2028
95,Zni.speedlimit,2189,122,517,52.2,2074,2066,2070
96,c3mbrich!,2179,63,1432,49.7,2108,2124,2116
97,saps_,2176,72,1344,47.8,2178,2203,2190
98,Sir Implosive Plopper,2169,66,1245,60.3,1955,1875,1915
99,calypso1119,2164,94,305,69.2,1699,1547,1623
100,Scandalf,2163,37,4532,54.7,2013,1974,1994
101,MrPlanner,2163,119,228,46.9,2042,2068,2055
102,DanMT,2162,69,1236,48.6,2150,2161,2156
103,Dovecar,2161,108,262,53.8,1972,1924,1948
104,Savage [DE],2153,234,68,54.4,2160,2191,2175
105,OS+ | TheKroks,2145,145,174,45.4,2239,2225,2232
106,Fresh To Death,2136,172,241,53.1,2183,2217,2200
107,Glokken,2130,119,340,53.5,1957,1960,1958
108,comastar,2126,92,547,49.2,1998,2017,2008
109,Korkos,2124,127,341,64.5,1698,1625,1662
110,Osama,2120,46,2302,48.7,2142,2155,2149
111,WhiteForest,2119,57,1054,54.2,1856,1815,1835
112,Kaeften,2116,99,406,50.7,2039,2027,2033
113,Edgar Davids,2115,57,1094,47.9,2104,2107,2105
114,Perseus_LC,2111,61,1096,51.5,1764,1746,1755
115,大葱鸭,2111,87,432,67.8,1694,1553,1624
116,jouds,2108,72,915,49.4,2146,2155,2151
117,Yuki,2106,197,62,59.7,1900,1850,1875
118,_[eC]_Gurke_,2105,82,1416,52.8,2004,2011,2007
119,EMMM | TheVuki,2102,48,2190,53.5,2106,2086,2096
120,Multimorbid,2102,42,5153,55.5,1932,1889,1910
121,ComaLuksen,2100,55,1618,52.5,1994,1975,1985
122,JoHan,2087,45,2588,53.7,1997,1961,1979
123,Firebeer,2080,40,3230,52.9,2000,1974,1987
124,ٴ,2076,77,445,66.7,1603,1461,1532
125,Savage [TR],2071,201,98,56.1,1903,1895,1899
126,RudelyGreat,2063,72,1211,47.5,2121,2159,2140
127,ARCHIE,2050,81,499,51.1,1774,1768,1771
128,香香瓜子壳,2049,78,568,53.0,1799,1789,1794
129,aleksanderG,2047,76,625,51.2,1972,1957,1964
130,Molle,2047,124,143,48.3,1949,1953,1951
131,连青人,2045,72,643,47.9,1752,1761,1757
132,J_,2044,49,1409,53.6,1882,1842,1862
133,Der Klabautermann,2042,54,1911,64.1,1639,1536,1588
134,Shulk,2036,237,72,52.8,2112,2107,2110
135,CNZS_打你如虐汪,2036,190,62,25.8,2364,2490,2427
136,Legion64,2032,69,984,47.7,1984,1997,1990
137,RoadTo19X,2032,117,238,45.0,2129,2158,2143
138,Ovenka,2028,215,58,48.3,2020,2071,2045
139,EagleWarrior420,2027,144,140,62.9,1832,1764,1798
140,Jinada,2022,47,1358,53.9,1770,1730,1750
141,Eugenius,2017,221,134,51.5,2051,2038,2044
142,SbS | 1 Fuchs,2017,82,581,49.1,2006,2013,2010
143,sidewire,2017,36,4288,53.9,1965,1923,1944
144,ceepki,2013,61,852,53.4,1706,1674,1690
145,NOC | shiXo.#,2010,142,208,35.1,2120,2196,2158
146,RuFF Holland,2006,92,486,46.1,1950,1988,1969
147,RageOfEmpires,2002,77,983,56.7,1898,1857,1877
148,Waan,2000,53,1089,61.2,1602,1496,1549
149,Hadeo,1992,104,187,52.9,1888,1849,1868
150,DK | Kongen_42,1991,77,473,40.6,2065,2130,2098
151,MatzeAoE,1990,39,2430,46.8,1827,1849,1838
152,Rest in Pieces,1987,66,546,58.1,1716,1640,1678
153,Black Bear,1982,42,3451,51.3,1946,1933,1940
154,HaraKiri,1982,78,535,47.7,1803,1810,1806
155,lllll,1976,132,121,52.1,1860,1844,1852
156,KnightLifeAoC,1975,41,2798,47.7,2013,2031,2022
157,[R1] Pume,1974,109,457,45.3,1998,2023,2010
158,politician,1972,197,62,67.7,1684,1593,1638
159,^.^dog9you~.~>.<,1970,97,326,37.1,2236,2323,2280
160,Kr1lle,1968,67,1419,47.6,1947,1977,1962
161,scorpion145,1968,40,3152,48.0,2090,2099,2095
162,Hannibal,1966,80,792,42.8,2124,2193,2159
163,SmilesBetray,1963,54,1187,57.5,1692,1634,1663
164,OfficialNoob998,1960,234,62,62.9,1796,1758,1777
165,Baby,1954,43,1966,56.3,1794,1744,1769
166,Hanserino,1953,104,283,53.4,1780,1773,1777
167,hK | SoyLaHostia,1953,188,53,41.5,1970,2042,2006
168,Anette,1952,45,2152,59.2,1776,1705,1741
169,_BOOM_SAMI_,1951,139,386,56.2,1926,1915,1921
170,Vegetex,1948,51,989,52.5,1752,1715,1733
171,Socartes,1946,45,3668,54.7,1920,1876,1898
172,幾花丹色™,1946,91,306,56.2,1762,1705,1733
173,KITCHIUYEAH,1945,39,2607,55.1,1686,1649,1668
174,RoR | Ammiraglio,1943,196,92,44.6,2087,2138,2112
175,White Knight,1942,150,163,55.2,1898,1875,1887
176,MrGuler,1938,39,2433,55.5,1797,1749,1773
177,lxnmnk Trade | B | S,1937,265,114,54.4,1991,1973,1982
178,TheRealRuClEsHe,1934,77,658,53.0,1711,1688,1700
179,TrustMeBro,1933,189,69,55.1,1900,1881,1890
180,Bob Ross,1932,54,1369,57.1,1800,1754,1777
181,Alfred,1930,189,162,49.4,1928,1923,1925
182,lion_,1927,31,3308,52.8,1806,1774,1790
183,36,1924,35,3728,51.8,1821,1792,1807
184,Heassa,1923,80,730,53.4,1804,1774,1789
185,obi11,1922,121,379,58.8,1750,1725,1737
186,Puttsson,1919,79,1006,47.0,1926,1953,1940
187,Saliniho,1918,82,652,50.5,1868,1863,1865
188,Bourne2Believe,1918,52,1400,52.4,1808,1789,1798
189,darkovichhh,1918,48,1527,60.6,1686,1592,1639
190,RoR | Loris,1916,122,185,38.4,2014,2076,2045
191,nono12,1913,104,361,42.9,1970,2016,1993
192,hobbes,1911,137,382,50.8,1978,2017,1997
193,Bread Pudding With Bum Sauce,1911,157,110,58.2,1838,1780,1809
194,The Punisher,1910,44,1847,52.7,1808,1771,1790
195,BøM_Haiya Boar野豬兄,1907,103,295,55.6,1674,1638,1656
196,SG,1904,54,1037,52.1,1740,1720,1730
197,Hellsum,1904,111,154,51.3,1802,1807,1804
198,Ronin,1901,51,1824,49.3,1973,1976,1974
199,RoR | zWraithhh,1901,48,1459,50.7,1663,1642,1653
200,Bryan_Camane,1899,95,542,52.0,1866,1858,1862
201,Cyborg,1898,49,1020,46.6,1862,1878,1870
202,Pollux,1896,95,580,51.6,1889,1905,1897
203,major_myth,1894,43,2385,57.7,1710,1649,1680
204,Mycroft,1894,48,2090,49.4,1943,1941,1942
205,Shambhala,1893,85,472,53.2,1718,1702,1710
206,Happytheandy,1889,90,423,45.6,1872,1893,1883
207,sekiro,1887,68,1088,56.5,1846,1802,1824
208,[Nors] OG DADDY,1886,49,1586,47.9,1840,1846,1843
209,最爱吃小面包,1886,167,270,48.1,1989,2013,2001
210,CQ.MaSSa_V,1885,208,58,58.6,1821,1789,1805
211,OS | 展毅,1881,186,55,43.6,1983,2005,1994
212,noah!!!!!!!!!!,1873,65,768,45.4,1892,1911,1902
213,Aldeano,1866,106,429,63.2,1654,1581,1618
214,Gripen,1863,45,2842,49.2,1876,1894,1885
215,MembTV,1862,34,4548,47.8,1996,2027,2012
216,Nach Being Nice,1862,32,4318,54.1,1747,1710,1729
217,Nick v2,1860,79,372,53.5,1674,1631,1652
218,TheBoogeyman,1857,60,893,57.6,1617,1553,1585
219,Bruh,1855,63,1036,52.8,1703,1702,1702
220,[GER] Paeco,1855,61,1107,51.7,1630,1613,1622
221,BuLLeT_,1855,104,269,37.9,2046,2126,2086
222,Audi performance,1854,88,683,47.9,1941,1969,1955
223,海淀天胡棋圣,1849,50,1403,51.5,1740,1725,1733
224,IAmCharlieKirk67DiddyFan,1847,126,162,54.9,1649,1635,1642
225,fdd,1846,47,1857,47.4,1706,1724,1715
226,DJ Heartstring,1846,75,776,53.4,1669,1662,1666
227,Tendo,1843,83,442,56.6,1704,1660,1682
228,zaanosaurus,1842,110,316,50.6,1784,1816,1800
229,Granny Pumpkinz,1841,45,2279,54.8,1798,1752,1775
230,erich_hub,1832,112,326,54.6,1752,1753,1753
231,Kalamalahala,1832,109,267,56.2,1572,1541,1557
232,tftnadi,1832,68,470,54.7,1646,1603,1624
233,[BÜN#1] Heidewolf,1826,87,338,45.3,1711,1752,1732
234,TuTas,1824,91,490,45.9,1890,1936,1913
235,Asur,1824,253,53,54.7,1864,1872,1868
236,Vermilionz,1823,48,1114,52.2,1665,1641,1653
237,Kazi,1822,56,1361,49.9,1719,1722,1721
238,[BÜN] Schmirgel,1820,131,140,50.0,1724,1707,1716
239,Holland,1818,95,542,42.6,1922,1989,1955
240,ShahMoney,1817,37,3650,44.6,1900,1944,1922
241,kibou,1817,79,914,51.5,1753,1752,1753
242,Instinct,1814,64,1090,54.7,1680,1638,1659
243,DeJected_R,1811,79,608,57.4,1573,1527,1550
244,Satsuma,1804,158,151,51.0,1857,1864,1861
245,Biner,1804,160,64,51.6,1716,1679,1697
246,Zeriel,1803,78,437,58.4,1500,1433,1466
247,Crankshaft,1801,124,220,46.8,1736,1773,1755
248,The .Gocho,1799,81,669,51.4,1716,1699,1707
249,西溪梨,1797,120,165,50.9,1708,1692,1700
250,Youtube / Saqo Age of empires 2,1796,109,220,50.5,1773,1775,1774
251,Aten,1794,64,857,42.5,1966,2018,1992
252,Denosumab,1794,75,564,54.8,1732,1684,1708
253,RoR | Carnage_,1793,185,65,33.8,1984,2055,2019
254,F A L C O N 2 1 _ z Z,1789,154,299,47.8,1974,2001,1987
255,rhinodog,1786,153,73,47.9,1647,1695,1671
256,Darkculvert,1782,62,1076,50.6,1660,1652,1656
257,Varjoti,1775,108,194,50.5,1761,1766,1763
258,404,1774,110,149,55.0,1656,1610,1633
259,Joey the Bonqueror,1772,239,98,54.1,1874,1893,1884
260,LearningNewCivsPlsHelp,1772,200,69,59.4,1648,1666,1657
261,PeePee,1772,84,510,52.7,1662,1657,1660
262,URU ALBO,1769,162,81,37.0,1816,1888,1852
263,meathman31,1769,107,177,52.5,1537,1525,1531
264,Boost'Hate John,1768,115,227,45.8,1872,1896,1884
265,veni,1766,181,193,60.1,1820,1809,1814
266,langgefriend,1765,85,470,53.8,1748,1734,1741
267,[SotC] Frank Castle,1764,103,272,49.3,1673,1689,1681
268,_LT_feifei,1763,113,175,57.7,1740,1670,1705
269,Alian713,1761,268,65,61.5,1654,1547,1601
270,nalle k,1758,213,64,42.2,1924,1956,1940
271,alumin,1754,198,71,59.2,1645,1614,1630
272,Revy,1753,149,228,43.9,2047,2095,2071
273,MARIJUANA_LUNG,1748,76,485,61.0,1529,1449,1489
274,FlowerHorn,1747,78,408,57.8,1599,1552,1576
275,ButterNToastThe3rd,1746,235,52,36.5,1878,1936,1907
276,Kevin FoJ,1746,36,3286,49.5,1706,1698,1702
277,DADDY_Sensation,1745,48,1669,53.1,1703,1664,1684
278,TheZero,1740,198,52,42.3,1781,1849,1815
279,MooN | MooN,1740,98,200,45.0,1727,1762,1745
280,hamxaishfaq95,1739,167,123,57.7,1606,1563,1584
281,AgentP_97,1736,96,372,48.7,1792,1815,1803
282,Marbas,1735,146,132,56.8,1595,1548,1571
283,Nerv,1734,45,1754,45.5,1835,1862,1849
284,Timbrhoggvandi,1733,279,59,57.6,1600,1594,1597
285,Prince <3,1732,32,3127,54.2,1672,1635,1654
286,NOC | Mr.Dobbsn,1727,249,88,47.7,1783,1850,1817
287,Tokugawa,1724,83,522,50.6,1755,1752,1753
288,Deadbeat Dan,1716,48,1712,48.4,1951,1972,1961
289,ChauNg,1716,187,132,54.5,1619,1618,1619
290,MasterProber,1716,45,1238,51.1,1683,1665,1674
291,Furret,1713,46,1517,52.1,1731,1710,1720
292,LM | MaggieWuerze,1709,206,99,50.5,1823,1828,1826
293,Kaydos,1708,150,264,43.2,1755,1821,1788
294,3N1GMa_,1708,95,229,55.5,1626,1572,1599
295,Don_Maximiliano,1706,139,140,51.4,1646,1632,1639
296,Kondor,1704,64,1175,45.4,1880,1923,1902
297,MrShelby_,1704,55,1110,43.5,1811,1848,1830
298,Sony Toprano,1703,115,289,57.4,1496,1455,1476
299,Inebriation,1700,34,3775,52.8,1705,1683,1694
300,曰毛,1698,93,378,51.3,1675,1664,1669
301,Pipistola,1694,177,71,53.5,1674,1652,1663
302,rudymagallol,1692,168,118,50.8,1640,1656,1648
303,knight_0701,1692,66,774,52.6,1660,1634,1647
304,Immortal.S,1690,63,792,54.4,1664,1637,1651
305,Tusky,1690,179,138,50.0,1862,1866,1864
306,Phoetic,1690,58,698,42.7,1724,1778,1751
307,Chaos,1688,57,1111,47.8,1839,1854,1846
308,pukuyou,1688,194,63,54.0,1570,1572,1571
309,Koti,1681,205,64,42.2,1782,1847,1814
310,Wingardium Leviosa,1676,77,514,45.7,1652,1674,1663
311,qso214,1675,58,829,46.2,1749,1768,1759
312,Twitch_ActionMarc,1673,144,151,44.4,1759,1807,1783
313,IBdaBoss,1673,42,2093,62.4,1515,1417,1466
314,ForeverUnemployed,1673,145,103,53.4,1612,1585,1598
315,SmithAoE,1673,173,60,61.7,1499,1454,1476
316,MooN | Lunatico,1673,92,268,44.0,1694,1731,1712
317,RoR | Smokealot,1672,104,254,40.2,1727,1802,1764
318,Istar,1671,90,474,49.8,1623,1627,1625
319,BigPoppaNoob,1670,138,245,51.0,1684,1704,1694
320,ELEOS | Hitorek,1670,210,89,47.2,1767,1846,1806
321,Mashirou,1670,147,119,46.2,1626,1667,1647
322,WashedAt21,1670,129,135,51.1,1618,1629,1623
323,Supersonic Rocketship,1669,152,101,49.5,1532,1561,1547
324,watoncito,1668,111,182,46.2,1706,1743,1724
325,LuRu99,1665,137,204,51.0,1728,1747,1738
326,Choo Choo Chud,1665,171,59,50.8,1576,1592,1584
327,synkaze,1663,142,118,58.5,1510,1472,1491
328,Perfume,1660,76,514,51.0,1699,1699,1699
329,Reilled,1659,113,252,46.4,1727,1744,1736
330,hro_ros,1658,133,223,47.1,1710,1731,1720
331,Bean goose,1658,86,439,50.1,1673,1681,1677
332,奔向未来,1658,110,232,52.6,1668,1649,1658
333,FayDingaway,1655,101,205,52.7,1609,1592,1601
334,Artic_Nomad,1654,100,264,52.3,1524,1510,1517
335,ValerioN__,1654,42,1976,47.9,1700,1716,1708
336,Spooder,1646,78,449,41.2,1698,1759,1728
337,Ogre,1643,61,995,44.4,1716,1751,1734
338,<blank>,1639,185,147,49.7,1633,1668,1650
339,Pala,1638,73,1042,50.8,1746,1754,1750
340,ALBERT,1637,81,488,51.0,1720,1721,1721
341,Voxer El Brazilian,1635,143,146,44.5,1792,1829,1811
342,Diamonds,1633,84,728,40.2,1898,1977,1937
343,Gekirin,1632,174,101,62.4,1546,1522,1534
344,Trazbon,1631,173,65,61.5,1653,1573,1613
345,Fts_,1631,81,314,48.4,1666,1676,1671
346,Tam nsnd,1630,121,215,47.4,1588,1601,1594
347,s56460688,1628,146,129,46.5,1548,1589,1568
348,[LWS] Mandatum,1627,73,928,46.3,1753,1792,1772
349,john,1626,62,741,50.3,1552,1540,1546
350,Valar,1626,119,302,49.3,1628,1649,1638
351,con_man1132,1626,115,263,51.0,1566,1570,1568
352,Sublime,1625,170,131,43.5,1828,1881,1854
353,Rogue Wave,1623,48,3429,46.4,1820,1862,1841
354,blind_mist,1621,127,157,45.9,1642,1683,1662
355,22,1621,80,386,54.7,1595,1558,1576
356,JustAGecko,1620,125,293,45.4,1702,1759,1731
357,Chtultuphant,1619,93,493,45.6,1678,1728,1703
358,Rookie,1619,175,54,50.0,1592,1588,1590
359,karpfen1337,1618,39,2572,47.1,1742,1751,1746
360,nogamesforyou,1618,135,143,41.3,1836,1891,1864
361,eldeniro,1616,178,126,51.6,1530,1554,1542
362,PuflitoPisado,1614,105,262,55.3,1536,1479,1508
363,sullied sphincter,1611,121,237,54.9,1487,1484,1486
364,LM | Bumpi,1611,116,180,50.6,1586,1586,1586
365,TIGER,1611,151,143,49.7,1540,1554,1547
366,BSL | n0_chanc3,1610,98,386,39.9,1856,1951,1904
367,FletcheR,1606,118,182,54.4,1568,1554,1561
368,xLucky900,1605,170,75,54.7,1531,1550,1540
369,Roboute Guilliman,1604,213,61,55.7,1712,1691,1702
370,MACTSAI5125,1602,67,832,50.7,1612,1609,1610
371,Ez4u2nv,1601,44,1604,53.6,1552,1523,1538
372,Mirror,1598,60,740,53.0,1585,1556,1571
373,[Nors]Zanato,1598,141,153,41.2,1638,1697,1667
374,Enstrk,1598,47,1914,52.1,1695,1678,1686
375,belphy,1597,100,298,46.6,1661,1686,1673
376,Ace Of Emeralds,1597,212,61,34.4,1766,1845,1805
377,Jozzif,1596,109,330,43.0,1635,1704,1670
378,[KNOBI]Faultier321,1594,112,285,48.1,1655,1677,1666
379,Luminance,1594,124,144,52.8,1446,1440,1443
380,__67_7SmigoL._Arg,1594,124,120,35.8,1837,1927,1882
381,Something Phoetic,1593,61,1068,41.3,1691,1757,1724
382,parachutedreamer,1592,106,271,50.9,1628,1642,1635
383,AT41,1590,139,227,47.1,1628,1646,1637
384,Fenrir,1588,124,282,42.2,1758,1813,1786
385,imugemorihasam,1587,57,880,55.0,1622,1577,1600
386,Archers420,1586,196,81,61.7,1581,1552,1566
387,PabloEscobar,1586,55,934,52.7,1627,1601,1614
388,Serenity,1585,124,118,40.7,1652,1721,1686
389,SorryIambusy,1581,69,564,47.5,1645,1652,1648
390,TheJenonator,1581,79,543,52.7,1579,1568,1573
391,SNWY4,1580,189,67,55.2,1546,1528,1537
392,Bender,1578,93,269,43.1,1648,1691,1670
393,Kalpit00,1575,99,352,36.1,1844,1946,1895
394,Maurice_,1574,55,857,40.5,1715,1784,1750
395,TopperHarley14,1573,210,56,42.9,1687,1737,1712
396,LM | MaisterNippon,1571,179,59,52.5,1466,1483,1474
397,HertOn,1569,64,767,50.7,1618,1609,1613
398,武器大师,1567,43,2153,50.5,1691,1676,1683
399,BderT,1566,91,412,54.9,1600,1576,1588
400,ELEOS | wosm,1565,172,83,44.6,1654,1691,1672
401,tannnt89,1560,183,71,45.1,1595,1616,1606
402,stop_whining_start_winning,1560,69,578,49.8,1580,1573,1576
403,[Glitchmob] Schnippi,1559,178,54,59.3,1389,1363,1376
404,Force pickers are losers,1558,219,56,51.8,1700,1735,1717
405,喷火龙biubiubiu,1558,60,974,46.5,1676,1698,1687
406,Chevelle,1558,41,2009,51.5,1512,1500,1506
407,KwiK,1551,149,170,48.2,1567,1602,1584
408,Benedict Cucumberpatch,1547,63,765,49.0,1625,1634,1630
409,Shemone,1547,118,272,46.3,1581,1620,1600
410,bolimoli,1542,63,598,53.0,1625,1597,1611
411,printp,1541,56,1031,51.9,1644,1634,1639
412,shegin,1541,78,624,35.7,1762,1871,1816
413,CD播放机,1540,296,58,34.5,1803,1861,1832
414,TaNa,1540,179,58,50.0,1588,1594,1591
415,saracast,1540,111,172,44.8,1509,1548,1529
416,timmex,1538,41,3413,47.3,1741,1756,1749
417,sco7ch,1537,79,860,49.8,1637,1627,1632
418,Armitte,1536,56,722,48.6,1597,1590,1593
419,BeardyMan37,1533,168,73,35.6,1892,1972,1932
420,mob_ankit,1531,52,1021,49.2,1611,1609,1610
421,Pandas United,1529,90,455,44.6,1590,1631,1610
422,[Odst] Sheppard,1529,203,119,41.2,1834,1901,1868
423,JustShutUpandCarryMe,1528,146,82,52.4,1603,1570,1586
424,mrowdet,1527,136,117,53.8,1570,1550,1560
425,Frankie Fast Hands,1527,165,53,47.2,1588,1611,1599
426,TRex,1526,80,773,43.5,1773,1836,1804
427,koebi,1526,125,127,52.0,1458,1457,1458
428,Kn0wn,1525,32,3147,53.3,1534,1507,1520
429,Monkey_D_Luffy,1524,89,512,44.9,1627,1662,1644
430,Azulazar,1523,55,1434,47.8,1614,1634,1624
431,mystic,1523,168,75,48.0,1526,1530,1528
432,Swiemsta,1521,150,72,51.4,1672,1685,1679
433,aaahfef,1517,123,112,50.0,1580,1574,1577
434,Nheltarion,1516,192,51,49.0,1696,1732,1714
435,Mushu Nooooo,1516,132,102,53.9,1548,1519,1533
436,Mr.J,1515,86,310,51.9,1588,1571,1579
437,爱吃软软,1510,97,441,48.1,1667,1677,1672
438,Noname,1509,94,494,43.5,1672,1720,1696
439,Pr3mier,1509,85,547,41.7,1580,1653,1617
440,Go-Toba,1508,133,172,41.9,1614,1690,1652
441,dinkydinks,1507,79,446,48.2,1770,1773,1771
442,Brad Elliott,1507,113,172,45.9,1615,1661,1638
443,A-V (JustOnePixeL),1506,155,223,49.3,1679,1691,1685
444,BabaYaga,1506,62,679,44.2,1664,1703,1683
445,iamhely,1505,79,835,44.3,1760,1809,1784
446,RoR | Váša,1505,148,133,43.6,1736,1787,1762
447,Kaiko,1505,184,58,53.4,1540,1548,1544
448,Richard Rahl,1504,163,66,34.8,1611,1719,1665
449,mt,1503,193,140,37.9,1859,1984,1922
450,EMMM | GothBert,1502,89,608,43.4,1735,1814,1775
451,win27,1502,45,2038,52.1,1674,1654,1664
452,SirBrenner,1501,153,154,37.7,1662,1765,1713
453,Snake,1501,152,113,57.5,1488,1461,1474
454,MysticCloudZ,1497,32,3965,44.2,1701,1748,1724
455,Don'tHateThePlayer_HateTheLame,1496,107,246,50.8,1530,1518,1524
456,Nduku,1493,180,73,47.9,1566,1596,1581
457,ntlbee,1492,63,812,48.6,1647,1668,1658
458,wackadoodle,1492,152,109,46.8,1596,1635,1615
459,NavYellow,1492,164,123,46.3,1532,1581,1556
460,fax.exe,1491,139,104,43.3,1477,1542,1509
461,[Gaucho]Batata,1488,214,51,39.2,1534,1654,1594
462,master,1488,191,74,48.6,1582,1580,1581
463,anykind,1488,82,548,42.5,1628,1687,1658
464,CEASAR,1487,93,226,57.1,1574,1521,1548
465,wantin,1486,153,248,41.9,1818,1903,1860
466,oldxavier,1485,151,109,47.7,1568,1602,1585
467,Bulzer,1482,190,68,47.1,1532,1573,1552
468,Tanu,1482,152,80,46.2,1504,1522,1513
469,OSpL,1481,66,1182,49.2,1667,1669,1668
470,LM | Perce1992,1481,153,83,49.4,1402,1412,1407
471,scottakira,1480,88,425,43.3,1583,1626,1604
472,BGUS_西施PLMM,1480,236,60,55.0,1574,1565,1570
473,Veci,1480,53,1424,42.2,1728,1795,1762
474,JayZaddy,1479,108,267,48.7,1484,1500,1492
475,Maxen,1479,64,749,44.9,1614,1648,1631
476,Kenan Yildiz,1478,184,63,39.7,1509,1594,1551
477,ϟOLIϟ LautaLk,1473,216,61,32.8,1697,1842,1770
478,Baykhal,1473,124,166,45.8,1547,1568,1558
479,Fizban,1473,95,223,39.0,1569,1631,1600
480,Zaffo,1471,186,60,38.3,1640,1678,1659
481,Nima_IR,1471,134,147,40.1,1680,1739,1709
482,Zni.Kark01,1470,90,248,46.4,1580,1598,1589
483,TDI,1470,221,72,44.4,1592,1585,1589
484,Old Man Cam,1469,92,358,49.2,1552,1565,1558
485,babelfisch,1469,42,1937,42.4,1706,1758,1732
486,MrWrong,1469,80,589,45.2,1620,1655,1638
487,the_1king,1468,83,675,49.3,1650,1674,1662
488,Yakan,1468,96,488,50.2,1512,1543,1528
489,^wuff,1468,142,144,45.1,1635,1690,1663
490,InGodWeTrust,1467,27,5464,43.5,1624,1668,1646
491,Derrek,1466,79,547,50.8,1471,1467,1469
492,Haider_435,1466,138,127,55.1,1458,1419,1438
493,sliu132,1465,113,248,43.1,1636,1676,1656
494,Kergin,1464,155,113,44.2,1651,1679,1665
495,trói em vào cột điện,1461,137,120,38.3,1608,1697,1652
496,RedPanda,1461,43,1828,50.1,1598,1590,1594
497,Migulu,1461,45,1339,50.5,1583,1579,1581
498,jaktol,1457,152,179,43.6,1710,1742,1726
499,Orinoco,1457,161,107,50.5,1555,1534,1545
500,Locke,1455,91,301,44.2,1600,1649,1625
501–765,'lu,7xx–14xx,141,128,41.4,1368,1440,1404
501–765,+++++,7xx–14xx,63,652,45.4,1432,1465,1449
501–765,-TL- XERSVIRUS,7xx–14xx,125,176,40.9,1414,1485,1450
501–765,.assisT,7xx–14xx,121,151,43.7,1516,1557,1536
501–765,95,7xx–14xx,251,60,40.0,1620,1707,1664
501–765,????????,7xx–14xx,202,57,40.4,1582,1618,1600
501–765,[3xT]Vantage_,7xx–14xx,81,443,45.1,1516,1549,1532
501–765,[Anvil] Nikolettafraoula,7xx–14xx,35,3186,35.7,1450,1565,1508
501–765,[AoHD] Milmano,7xx–14xx,161,68,35.3,1520,1629,1574
501–765,[GDL] Aleex,7xx–14xx,101,325,52.3,1457,1451,1454
501–765,[HR] Cpt. Haddock,7xx–14xx,129,150,40.7,1387,1457,1422
501–765,[SP4RT] Petza IV.,7xx–14xx,172,52,40.4,1507,1552,1530
501–765,_kill3rJ,7xx–14xx,158,106,48.1,1526,1554,1540
501–765,AangMaster,7xx–14xx,82,544,47.4,1471,1492,1482
501–765,afranciscosa,7xx–14xx,139,117,43.6,1368,1412,1390
501–765,Agro,7xx–14xx,165,68,45.6,1532,1547,1539
501–765,ajja13849,7xx–14xx,184,97,38.1,1444,1510,1477
501–765,Alicat,7xx–14xx,214,51,25.5,1483,1585,1534
501–765,ALTAR_KHAN,7xx–14xx,179,64,42.2,1616,1681,1649
501–765,andreasnikolas,7xx–14xx,41,2301,42.9,1405,1457,1431
501–765,angelggh95,7xx–14xx,148,113,41.6,1376,1442,1409
501–765,anotheraoe2player,7xx–14xx,126,168,45.8,1490,1532,1511
501–765,ANTIFA,7xx–14xx,112,230,35.2,1623,1716,1670
501–765,Ates,7xx–14xx,155,132,54.5,1414,1392,1403
501–765,Aura,7xx–14xx,177,91,35.2,1277,1357,1317
501–765,Bambs,7xx–14xx,89,376,41.2,1585,1652,1619
501–765,banana panin,7xx–14xx,45,1536,46.6,1560,1574,1567
501–765,BananaMan,7xx–14xx,190,64,56.2,1397,1363,1380
501–765,Basse,7xx–14xx,183,57,35.1,1413,1512,1462
501–765,Bathamael,7xx–14xx,153,169,43.8,1545,1584,1564
501–765,benjeh,7xx–14xx,61,722,48.2,1446,1458,1452
501–765,BenjLike,7xx–14xx,208,56,35.7,1612,1694,1653
501–765,BGUS_Life is so hard,7xx–14xx,120,187,50.8,1516,1506,1511
501–765,BN27,7xx–14xx,193,67,35.8,1607,1703,1655
501–765,Bonkershealer,7xx–14xx,29,4918,43.0,1646,1703,1675
501–765,bosaap12,7xx–14xx,197,65,50.8,1536,1576,1556
501–765,BOSS,7xx–14xx,197,51,37.3,1391,1481,1436
501–765,bouke_7,7xx–14xx,161,62,51.6,1542,1513,1527
501–765,Bref,7xx–14xx,49,1572,44.1,1644,1684,1664
501–765,Brohio,7xx–14xx,219,55,38.2,1679,1728,1704
501–765,builttospill,7xx–14xx,180,84,34.5,1392,1521,1456
501–765,Burmese Python,7xx–14xx,50,1164,44.8,1418,1450,1434
501–765,Buttspock Official,7xx–14xx,72,773,37.0,1357,1464,1410
501–765,Cadora,7xx–14xx,59,969,50.2,1529,1526,1528
501–765,caizhi,7xx–14xx,136,155,41.9,1476,1529,1502
501–765,CALI,7xx–14xx,90,652,42.2,1584,1655,1620
501–765,Caram,7xx–14xx,122,244,39.3,1680,1766,1723
501–765,Cartel,7xx–14xx,200,54,48.1,1546,1554,1550
501–765,CAXCAN,7xx–14xx,111,262,38.9,1399,1498,1449
501–765,Cearrbhach,7xx–14xx,111,249,41.4,1501,1555,1528
501–765,Ceki,7xx–14xx,116,162,41.4,1475,1517,1496
501–765,CFn-Ez,7xx–14xx,43,2575,46.6,1629,1652,1640
501–765,Charlesmartel,7xx–14xx,133,121,42.1,1440,1482,1461
501–765,Cherry,7xx–14xx,192,53,22.6,1243,1429,1336
501–765,Chimalpopoca,7xx–14xx,197,60,50.0,1368,1363,1365
501–765,chiu_sharon,7xx–14xx,46,1339,51.9,1428,1413,1421
501–765,Chomsky,7xx–14xx,81,464,50.6,1470,1479,1474
501–765,ChrishpyShnack,7xx–14xx,145,160,49.4,1420,1429,1425
501–765,Citykeeper,7xx–14xx,178,65,43.1,1469,1543,1506
501–765,ContingencyArgument,7xx–14xx,114,207,43.5,1473,1534,1503
501–765,CORT3S,7xx–14xx,194,58,39.7,1456,1535,1495
501–765,cowboy,7xx–14xx,67,704,38.2,1322,1415,1369
501–765,cowboy_dan,7xx–14xx,200,54,27.8,1208,1382,1295
501–765,CR | El Dani,7xx–14xx,160,83,33.7,1660,1776,1718
501–765,Cyrus,7xx–14xx,146,91,39.6,1415,1479,1447
501–765,Dampflok,7xx–14xx,109,296,36.5,1480,1587,1533
501–765,Deathcounter,7xx–14xx,113,206,38.8,1559,1655,1607
501–765,dennis2_02,7xx–14xx,60,1020,46.5,1640,1658,1649
501–765,derri,7xx–14xx,123,190,48.9,1560,1567,1563
501–765,Didier Khaled  x  Lil Fabrice,7xx–14xx,151,127,37.8,1465,1542,1504
501–765,Dildo Swaggens,7xx–14xx,125,157,40.8,1516,1572,1544
501–765,DK_Dani,7xx–14xx,96,257,40.5,1517,1594,1556
501–765,Dreamer2599,7xx–14xx,92,292,50.3,1468,1463,1466
501–765,Dutch_Dimi,7xx–14xx,166,70,48.6,1604,1625,1614
501–765,El Bisonte,7xx–14xx,168,86,39.5,1573,1673,1623
501–765,Emi Bistotto,7xx–14xx,167,103,35.9,1324,1420,1372
501–765,EVA_Rinocherino,7xx–14xx,57,941,41.2,1571,1637,1604
501–765,falcon,7xx–14xx,150,92,37.0,1538,1627,1583
501–765,FcukCensorship,7xx–14xx,149,151,43.0,1366,1413,1390
501–765,Festering Goblin_1,7xx–14xx,80,343,38.8,1550,1622,1586
501–765,Flex,7xx–14xx,204,70,40.0,1549,1618,1584
501–765,FlorinChess,7xx–14xx,194,71,39.4,1528,1617,1572
501–765,FogHorn,7xx–14xx,178,96,40.6,1548,1658,1603
501–765,Foski,7xx–14xx,138,114,37.7,1426,1500,1463
501–765,Fost,7xx–14xx,135,146,37.0,1516,1612,1564
501–765,Francho,7xx–14xx,102,253,38.3,1460,1552,1506
501–765,FranksBe2God,7xx–14xx,159,124,38.7,1555,1644,1600
501–765,FrozenFlame1973,7xx–14xx,171,65,32.3,1568,1681,1625
501–765,FryCaptain,7xx–14xx,169,111,40.5,1297,1364,1330
501–765,Frédéric Chopin,7xx–14xx,200,111,38.7,1546,1620,1583
501–765,Full power No shower,7xx–14xx,127,188,43.1,1462,1516,1489
501–765,FunKinGGusTI,7xx–14xx,147,100,37.0,1398,1493,1446
501–765,GAX | toooasty,7xx–14xx,188,91,38.5,1502,1583,1543
501–765,ghabil,7xx–14xx,82,515,39.2,1369,1450,1410
501–765,Glenlivet,7xx–14xx,241,76,30.3,1586,1701,1643
501–765,Gompachiro,7xx–14xx,139,124,41.9,1502,1560,1531
501–765,Grabik,7xx–14xx,82,403,49.1,1460,1472,1466
501–765,guidolp,7xx–14xx,137,186,40.3,1412,1488,1450
501–765,guilleol1005,7xx–14xx,124,165,44.8,1462,1494,1478
501–765,Gunnar,7xx–14xx,144,105,38.1,1521,1612,1566
501–765,Gustaven,7xx–14xx,106,195,50.3,1471,1467,1469
501–765,H,7xx–14xx,42,2681,47.8,1635,1651,1643
501–765,Hajduk,7xx–14xx,78,389,37.8,1472,1558,1515
501–765,HardyBoy,7xx–14xx,146,123,37.4,1448,1546,1497
501–765,Harzah,7xx–14xx,74,535,35.3,1618,1720,1669
501–765,Haveli,7xx–14xx,159,209,37.8,1486,1590,1538
501–765,HazEy1,7xx–14xx,77,371,45.3,1614,1651,1632
501–765,HER0~,7xx–14xx,149,164,49.4,1568,1577,1572
501–765,hiimJKM,7xx–14xx,208,69,42.0,1494,1544,1519
501–765,Horagalles,7xx–14xx,140,123,29.3,1388,1532,1460
501–765,Houthakker,7xx–14xx,175,65,50.8,1392,1389,1390
501–765,HR petro,7xx–14xx,100,291,43.6,1585,1636,1610
501–765,I'm_Jimi,7xx–14xx,48,1301,41.5,1332,1399,1366
501–765,impirion,7xx–14xx,126,126,46.8,1436,1479,1457
501–765,ioi,7xx–14xx,78,709,47.5,1588,1628,1608
501–765,iphonze,7xx–14xx,226,54,42.6,1540,1581,1561
501–765,Ire,7xx–14xx,194,55,32.7,1321,1426,1374
501–765,JARDANI1299,7xx–14xx,35,2439,50.9,1511,1487,1499
501–765,jaszkowska.aleksandra,7xx–14xx,59,651,52.1,1465,1449,1457
501–765,Jaxto,7xx–14xx,144,152,45.4,1502,1542,1522
501–765,JCnpc23,7xx–14xx,93,378,44.4,1467,1516,1492
501–765,JimmyButler_AoE,7xx–14xx,68,616,37.3,1453,1547,1500
501–765,Joker,7xx–14xx,98,232,42.7,1522,1565,1544
501–765,Just_say_gg_bruh,7xx–14xx,175,65,38.5,1420,1467,1444
501–765,kango,7xx–14xx,155,64,39.1,1564,1639,1601
501–765,Kapiteinterreur,7xx–14xx,195,58,44.8,1470,1497,1484
501–765,KAREL,7xx–14xx,128,219,34.7,1573,1690,1632
501–765,kasap_hasan,7xx–14xx,82,433,54.0,1412,1385,1399
501–765,kataparuto_pleb,7xx–14xx,85,375,42.1,1582,1650,1616
501–765,Katnip,7xx–14xx,69,805,45.2,1340,1376,1358
501–765,KEBACEE,7xx–14xx,187,62,41.9,1578,1605,1592
501–765,KeremS,7xx–14xx,114,294,53.1,1384,1360,1372
501–765,Ketan67,7xx–14xx,126,179,40.8,1373,1440,1406
501–765,Kilian,7xx–14xx,164,76,43.4,1537,1599,1568
501–765,Killing_Bambi,7xx–14xx,107,250,38.4,1582,1680,1631
501–765,King Gabb,7xx–14xx,159,70,28.6,1426,1555,1491
501–765,Kitiastri,7xx–14xx,161,62,43.5,1496,1543,1520
501–765,Komifar,7xx–14xx,188,84,45.2,1594,1639,1617
501–765,kyugaloric_I,7xx–14xx,162,89,46.1,1347,1381,1364
501–765,Landi,7xx–14xx,141,161,39.1,1514,1605,1559
501–765,Lastmantillidie,7xx–14xx,200,59,40.7,1568,1597,1582
501–765,leaftopjo,7xx–14xx,124,219,41.1,1609,1687,1648
501–765,LeoABNV,7xx–14xx,167,66,37.9,1527,1597,1562
501–765,Lhypopead,7xx–14xx,73,599,50.8,1449,1456,1452
501–765,Link,7xx–14xx,86,407,49.4,1510,1528,1519
501–765,LM | RenLo,7xx–14xx,154,75,45.3,1460,1487,1473
501–765,LM | TornardoBriese,7xx–14xx,191,74,32.4,1302,1385,1344
501–765,LordCow,7xx–14xx,109,262,42.7,1442,1501,1471
501–765,Lucky,7xx–14xx,114,321,53.0,1453,1450,1452
501–765,Lucky Camel,7xx–14xx,60,984,47.9,1458,1475,1466
501–765,Luis Enrique,7xx–14xx,161,91,50.5,1443,1449,1446
501–765,Lynx,7xx–14xx,141,131,48.9,1385,1398,1392
501–765,machpatel,7xx–14xx,145,125,45.6,1462,1492,1477
501–765,Magnificent,7xx–14xx,126,111,40.5,1462,1524,1493
501–765,masterjft,7xx–14xx,147,117,42.7,1418,1456,1437
501–765,mattGPT,7xx–14xx,199,55,50.9,1484,1516,1500
501–765,Mavericks,7xx–14xx,103,210,31.4,1433,1559,1496
501–765,mdbm,7xx–14xx,99,325,52.0,1417,1412,1415
501–765,MEM,7xx–14xx,169,73,45.2,1352,1372,1362
501–765,Men Call Me Gladiator,7xx–14xx,176,73,42.5,1448,1494,1471
501–765,Mercer,7xx–14xx,163,84,38.1,1499,1567,1533
501–765,Micchan,7xx–14xx,70,760,52.1,1430,1428,1429
501–765,mikeymazko,7xx–14xx,155,75,34.7,1369,1463,1416
501–765,MinorCloud9519,7xx–14xx,75,371,46.1,1454,1480,1467
501–765,Mouttie,7xx–14xx,171,55,34.5,1496,1553,1524
501–765,MrJumper,7xx–14xx,163,66,43.9,1560,1603,1582
501–765,Mushu,7xx–14xx,43,1987,51.2,1549,1528,1538
501–765,nicke,7xx–14xx,90,303,35.3,1322,1431,1376
501–765,Nobody,7xx–14xx,120,212,45.8,1536,1567,1552
501–765,NOOB_UPRISING,7xx–14xx,97,382,49.0,1438,1458,1448
501–765,noone2021,7xx–14xx,95,379,48.0,1494,1518,1506
501–765,Not the letter N,7xx–14xx,72,607,40.4,1601,1678,1639
501–765,OIDA | onkyox,7xx–14xx,294,54,35.2,1558,1674,1616
501–765,oLiVe007,7xx–14xx,92,265,43.8,1618,1669,1644
501–765,Onkel MegaFlo,7xx–14xx,117,199,43.2,1536,1598,1567
501–765,orangefaser,7xx–14xx,131,114,49.1,1490,1488,1489
501–765,Otanès,7xx–14xx,172,60,40.0,1487,1558,1522
501–765,p3stil3nc3,7xx–14xx,139,134,37.3,1323,1429,1376
501–765,pab.lo,7xx–14xx,152,124,50.0,1463,1477,1470
501–765,Padreweak,7xx–14xx,59,939,45.4,1433,1475,1454
501–765,Pasta Mother of Life,7xx–14xx,136,143,42.0,1413,1494,1454
501–765,Patrick Timsit,7xx–14xx,58,1034,46.1,1588,1619,1603
501–765,Persis,7xx–14xx,47,1827,47.9,1389,1419,1404
501–765,PetersCZ,7xx–14xx,155,108,34.3,1549,1647,1598
501–765,PlanetaryWizard,7xx–14xx,156,88,39.8,1415,1468,1442
501–765,player0,7xx–14xx,45,1850,58.0,1468,1417,1442
501–765,Plox,7xx–14xx,136,132,43.9,1431,1483,1457
501–765,Poncho,7xx–14xx,197,73,50.7,1539,1570,1554
501–765,Pope Leo I.,7xx–14xx,199,155,35.5,1692,1791,1742
501–765,Procedural,7xx–14xx,175,54,51.9,1493,1478,1485
501–765,proxxi,7xx–14xx,166,58,37.9,1444,1499,1471
501–765,Puma,7xx–14xx,179,96,49.0,1573,1598,1586
501–765,r@lex_de,7xx–14xx,112,251,49.8,1431,1441,1436
501–765,Ragnarok,7xx–14xx,62,887,47.0,1454,1487,1471
501–765,raisinbran,7xx–14xx,168,111,51.4,1468,1471,1470
501–765,ramrod,7xx–14xx,77,504,44.8,1425,1460,1443
501–765,Red_Iffun,7xx–14xx,168,51,47.1,1489,1482,1486
501–765,Rema Rema tu Bota,7xx–14xx,161,56,44.6,1608,1645,1626
501–765,Rennzai,7xx–14xx,215,55,49.1,1377,1423,1400
501–765,RetiredTurtle,7xx–14xx,34,2750,48.4,1422,1432,1427
501–765,Richardovic,7xx–14xx,191,57,36.8,1469,1563,1516
501–765,Rsert,7xx–14xx,127,229,47.6,1538,1568,1553
501–765,Ruler,7xx–14xx,163,98,39.8,1319,1375,1347
501–765,Rüdiger,7xx–14xx,59,748,42.8,1488,1534,1511
501–765,Sage_of_Empires,7xx–14xx,124,331,42.6,1584,1650,1617
501–765,Salvator,7xx–14xx,181,125,45.6,1579,1631,1605
501–765,Sam,7xx–14xx,182,63,30.2,1320,1493,1406
501–765,sbr,7xx–14xx,112,283,39.2,1343,1431,1387
501–765,SeanOnAoe,7xx–14xx,72,543,38.1,1454,1539,1496
501–765,sebastianschatzp,7xx–14xx,158,80,30.0,1359,1502,1431
501–765,SebastiánPiñera,7xx–14xx,179,74,47.3,1444,1494,1469
501–765,Seigneur Du Village,7xx–14xx,46,1819,43.9,1375,1428,1401
501–765,Sercan,7xx–14xx,163,72,29.2,1364,1503,1434
501–765,serkoprime,7xx–14xx,71,504,44.4,1478,1519,1498
501–765,Silence,7xx–14xx,72,575,42.6,1512,1566,1539
501–765,Simon,7xx–14xx,87,428,45.3,1450,1492,1471
501–765,SirCross,7xx–14xx,156,96,42.7,1454,1522,1488
501–765,Slim Shady,7xx–14xx,150,186,43.0,1597,1664,1630
501–765,SniperSquirtle,7xx–14xx,199,75,49.3,1444,1477,1461
501–765,South,7xx–14xx,162,120,50.8,1459,1479,1469
501–765,Soxs,7xx–14xx,170,119,39.5,1423,1500,1462
501–765,Sp Bro,7xx–14xx,274,85,38.8,1618,1726,1672
501–765,Supernatural,7xx–14xx,96,431,39.4,1445,1526,1486
501–765,Swix,7xx–14xx,115,187,42.2,1620,1673,1646
501–765,Taco_man,7xx–14xx,178,196,36.2,1769,1860,1815
501–765,TAGARL,7xx–14xx,96,362,43.1,1546,1606,1576
501–765,Tchitchi,7xx–14xx,71,710,48.2,1462,1479,1471
501–765,Th1Raven,7xx–14xx,171,107,41.1,1539,1586,1563
501–765,The clown,7xx–14xx,56,1101,43.7,1736,1785,1760
501–765,The Mercy of God,7xx–14xx,63,937,45.5,1644,1676,1660
501–765,The Sinnerman,7xx–14xx,136,135,48.1,1413,1419,1416
501–765,TheConkerBasher,7xx–14xx,128,172,41.9,1430,1479,1455
501–765,TheEverestHeart,7xx–14xx,149,152,45.4,1424,1483,1454
501–765,Ther_,7xx–14xx,105,222,36.5,1456,1562,1509
501–765,TheStupidBotOfc,7xx–14xx,166,72,44.4,1458,1479,1468
501–765,tiesiogsaras,7xx–14xx,141,125,47.2,1472,1489,1480
501–765,Tim_Boww,7xx–14xx,201,59,37.3,1549,1660,1604
501–765,Tk_Dael 14,7xx–14xx,127,134,38.8,1487,1570,1528
501–765,TM Caesar,7xx–14xx,210,132,34.8,1758,1869,1814
501–765,TonitasRules,7xx–14xx,202,80,26.2,1327,1445,1386
501–765,tripl3,7xx–14xx,137,162,48.8,1394,1425,1410
501–765,Tumdae,7xx–14xx,97,324,55.2,1410,1382,1396
501–765,Villiams!,7xx–14xx,86,1267,41.4,1820,1900,1860
501–765,vinniegee,7xx–14xx,174,81,45.7,1376,1432,1404
501–765,Violet Ania,7xx–14xx,42,1964,40.5,1546,1617,1582
501–765,witcherkiller,7xx–14xx,200,57,29.8,1527,1629,1578
501–765,Wolliwup,7xx–14xx,120,226,53.5,1410,1383,1396
501–765,wylyu,7xx–14xx,91,345,52.5,1420,1399,1409
501–765,xORy,7xx–14xx,194,72,48.6,1436,1469,1453
501–765,Yondaimeflash1,7xx–14xx,204,62,41.9,1592,1616,1604
501–765,Young Monkey,7xx–14xx,163,89,41.6,1560,1622,1591
501–765,ZaKkI,7xx–14xx,96,412,48.1,1462,1503,1482
501–765,ZarckNogh,7xx–14xx,141,158,46.2,1573,1602,1588
501–765,ZISI-LEE,7xx–14xx,96,335,37.9,1572,1654,1613
501–765,ZizKa,7xx–14xx,196,57,52.6,1429,1452,1441
501–765,༺Skipp༻,7xx–14xx,131,119,47.1,1448,1463,1456
501–765,中东小霸王,7xx–14xx,62,932,49.5,1657,1650,1654
501–765,八府巡案包龍星,7xx–14xx,212,51,33.3,1508,1620,1564
501–765,大羊联邦总理伤羊,7xx–14xx,107,233,47.2,1658,1665,1662
501–765,戮仙君,7xx–14xx,181,98,54.1,1492,1506,1499
501–765,犹豫就会白给,7xx–14xx,140,128,48.4,1645,1633,1639
501–765,玉面小飞龙,7xx–14xx,58,1366,51.5,1631,1627,1629
501–765,苍真,7xx–14xx,75,548,46.4,1608,1628,1618
501–765,菜菜5号,7xx–14xx,65,1003,40.5,1570,1628,1599
501–765,野猪之星,7xx–14xx,112,217,50.7,1587,1565,1576
